anio,argentina,nigeria,japon,corea_del_sur,china,mundo
1960,20349744,44928342,93216000,25012374,667070000,3031564839
1961,20680653,45855507,94055000,25765673,660330000,3072510552
1962,21020359,46821845,94933000,26513030,665770000,3126934725
1963,21364017,47822569,95900000,27261747,682335000,3193508879
1964,21708487,48856332,96903000,27984155,698355000,3260517816
1965,22053661,49925799,97952000,28704674,715185000,3328284623
1966,22403116,51020296,98851000,29435571,735400000,3398561224
1967,22757014,52106681,99879000,30130983,754550000,3468457168
1968,23112971,53210119,101011000,30838302,774510000,3540254815
1969,23472028,54360750,102219000,31544266,796025000,3614668576
1970,23842803,55569264,103403000,32240827,818315000,3690306927
1971,24223379,56837614,105697000,32882704,841105000,3768023181
1972,24612794,58173834,107188000,33505406,862030000,3843695351
1973,25020588,59605446,108707000,34103149,881940000,3920099706
1974,25449754,61157931,110162000,34692266,900350000,3995972023
1975,25875558,62851312,111573000,35280725,916395000,4070114517
1976,26290257,64658315,112775000,35848523,930685000,4143194666
1977,26713780,66589655,113872000,36411795,943455000,4215940807
1978,27146121,68633344,114913000,36969185,956165000,4289914737
1979,27584134,70750307,115890000,37534236,969005000,4365850756
1980,28024803,72951439,116807000,38123775,981235000,4442440474
1981,28471285,75175387,117661000,38723248,993885000,4520991254
1982,28922762,77388067,118480000,39326352,1008630000,4602763792
1983,29377137,79351586,119307000,39910403,1023310000,4684941826
1984,29832197,81337553,120083000,40405956,1036825000,4766716805
1985,30287112,83585251,120837000,40805744,1051040000,4850160867
1986,30748326,85804185,121482000,41213674,1066790000,4936097368
1987,31216453,88044187,122069000,41621690,1084035000,5024386163
1988,31690792,90351467,122578000,42031247,1101630000,5113492328
1989,32165766,92744064,123069000,42449038,1118650000,5202698711
1990,32637657,95214257,123478000,42869283,1135185000,5293517142
1991,33105763,97685360,123964000,43295704,1150780000,5382656065
1992,33568285,100182045,124425000,43747962,1164970000,5470276947
1993,34027240,102775465,124829000,44194628,1178440000,5556722537
1994,34488696,105456121,125178000,44641540,1191835000,5642128764
1995,34946110,108187610,125472000,45092991,1204855000,5726801833
1996,35389362,110956183,125757000,45524681,1217550000,5811624986
1997,35815971,113791181,126057000,45953580,1230075000,5896077736
1998,36233195,116690527,126400000,46286503,1241935000,5979730356
1999,36653031,119695565,126631000,46616677,1252735000,6062281732
2000,37070774,122851984,126843000,47008111,1262645000,6144322697
2001,37480493,126152678,127149000,47370164,1271850000,6226339538
2002,37885028,129583026,127445000,47644736,1280400000,6308092739
2003,38278164,133119801,127718000,47892330,1288400000,6389383352
2004,38668796,136756848,127761000,48082519,1296075000,6470821068
2005,39070501,140490722,127773000,48184561,1303720000,6552571570
2006,39476851,144329764,127854000,48438292,1311020000,6634935638
2007,39876111,148294028,128001000,48683638,1317885000,6717641730
2008,40273769,152382506,128063000,49054708,1324655000,6801408360
2009,40684338,156595758,128047000,49307835,1331260000,6885490816
2010,40788453,160952853,128070000,49554112,1337705000,6969631901
2011,41261490,165463745,127833000,49936638,1345035000,7053533350
2012,41733271,170075932,127629000,50199853,1354190000,7140895722
2013,42202935,174726123,127445000,50428893,1363240000,7229184551
2014,42669500,179379016,127276000,50746659,1371860000,7317508753
2015,43131966,183995785,127141000,51014947,1379860000,7404910892
2016,43590368,188666931,127076000,51217803,1387790000,7491934113
2017,44044811,193495907,126972000,51361911,1396215000,7578157615
2018,44494502,198387623,126811000,51585058,1402760000,7661776338
2019,44938712,203304492,126633000,51764822,1407745000,7742681934
2020,45376763,208327405,126261000,51836239,1411100000,7820981524
2021,45808747,213401323,125681593,51744876,1412360000,7888408686
