t,x
0.00,1.8837589361
0.02,1.8350005370
0.04,1.7640239772
0.06,1.9117727034
0.08,1.7968503810
0.10,1.7501405475
0.12,1.5536128821
0.14,1.8353132808
0.16,1.6819036089
0.18,1.7122442475
0.20,1.8714011886
0.22,1.7366229819
0.24,1.8356699107
0.26,1.8428306320
0.28,1.7677511257
0.30,1.6638669155
0.32,1.7393071335
0.34,1.6041922922
0.36,1.7538069149
0.38,1.5344557653
0.40,1.8464408069
0.42,1.7445135494
0.44,1.7136104410
0.46,1.5778461953
0.48,1.6920588234
0.50,1.5891977013
0.52,1.6388688054
0.54,1.7949498767
0.56,1.7399197911
0.58,1.5994282260
0.60,1.7889949631
0.62,1.6056969910
0.64,1.5810563601
0.66,1.5540427171
0.68,1.6017468494
0.70,1.6319237362
0.72,1.6415227027
0.74,1.5696072928
0.76,1.6732599849
0.78,1.4867230139
0.80,1.6350851953
0.82,1.4896440079
0.84,1.5958237339
0.86,1.3103375664
0.88,1.6061851218
0.90,1.5011049807
0.92,1.4984564168
0.94,1.4628333282
0.96,1.5205865892
0.98,1.6655977423
1.00,1.4631521178
1.02,1.3972666730
1.04,1.3846266516
1.06,1.4523515837
1.08,1.3358293900
1.10,1.4455214653
1.12,1.3240835534
1.14,1.3527362462
1.16,1.5457050007
1.18,1.5292869603
1.20,1.3944836782
1.22,1.4348971938
1.24,1.1746585048
1.26,1.4187320144
1.28,1.3862291153
1.30,1.5068589000
1.32,1.3914636934
1.34,1.3381857424
1.36,1.3650758940
1.38,1.4288594962
1.40,1.2144046651
1.42,1.4638000660
1.44,1.2007172576
1.46,1.3300436547
1.48,1.2146795995
1.50,1.2972662492
1.52,1.2997610634
1.54,1.3005879178
1.56,1.3064861401
1.58,1.2064244122
1.60,1.1144512656
1.62,1.2465543447
1.64,1.1303601652
1.66,1.0825042719
1.68,1.0738275351
1.70,1.2772760598
1.72,1.1648455114
1.74,1.2060727158
1.76,1.1310532529
1.78,1.0337183570
1.80,1.0673639082
1.82,1.2482424056
1.84,0.9804009348
1.86,1.0769469288
1.88,0.8582921373
1.90,0.8557515101
1.92,1.0397830791
1.94,1.1394324474
1.96,0.9442636939
1.98,0.9249738955
2.00,0.8790837131
2.02,0.9028982829
2.04,0.9043601587
2.06,0.8522537459
2.08,0.6848061076
2.10,0.7289871460
2.12,0.7961003265
2.14,0.7466977142
2.16,0.7779840535
2.18,0.7426418088
2.20,0.5564000746
2.22,0.6835944987
2.24,0.5531246296
2.26,0.5571046662
2.28,0.3832707073
2.30,0.7295734212
2.32,0.4183898918
2.34,0.5316860082
2.36,0.3549374064
2.38,0.4469801472
2.40,0.2243522706
2.42,0.2242384733
2.44,0.2374721004
2.46,0.3489486849
2.48,0.4228211759
2.50,0.1911475222
2.52,0.2037624197
2.54,0.0692269013
2.56,0.0072461776
2.58,-0.1998064651
2.60,-0.2229418066
2.62,-0.3090645671
2.64,-0.2840167011
2.66,-0.3321220568
2.68,-0.4123249860
2.70,-0.4512929309
2.72,-0.7284035920
2.74,-0.6782562988
2.76,-0.6666169633
2.78,-0.8316103949
2.80,-0.7452272479
2.82,-1.0181441783
2.84,-1.1094349629
2.86,-1.2149933523
2.88,-1.2828198688
2.90,-1.2843085616
2.92,-1.5908099292
2.94,-1.7634007994
2.96,-1.6364074204
2.98,-1.5782857451
3.00,-1.5822906053
3.02,-1.9346628455
3.04,-1.8268486810
3.06,-1.8194936331
3.08,-1.8227940621
3.10,-1.9865360308
3.12,-1.9571468627
3.14,-2.0110628014
3.16,-1.8934973940
3.18,-1.9094834185
3.20,-1.9568990714
3.22,-2.0558084337
3.24,-2.0059493509
3.26,-2.1209068169
3.28,-2.2093526396
3.30,-2.0392051423
3.32,-2.1079864595
3.34,-2.0472372191
3.36,-2.0074708684
3.38,-1.9492211704
3.40,-2.0623537094
3.42,-1.8663235717
3.44,-1.9330737781
3.46,-1.9716910938
3.48,-1.9248347361
3.50,-1.8869644963
3.52,-1.9990311516
3.54,-2.0251660515
3.56,-1.9963870067
3.58,-1.9779438781
3.60,-2.0142698841
3.62,-1.9529205352
3.64,-2.0118866570
3.66,-1.8946196500
3.68,-1.9875062732
3.70,-2.0264705131
3.72,-2.1350669896
3.74,-2.0950014585
3.76,-2.1435188473
3.78,-1.8790333702
3.80,-1.9235015245
3.82,-1.9421466714
3.84,-1.9678637725
3.86,-2.0504706858
3.88,-1.9722539306
3.90,-1.8202434094
3.92,-1.9430613087
3.94,-1.9829542612
3.96,-2.0057922536
3.98,-1.7619583878
4.00,-1.7282564549
4.02,-1.7836610373
4.04,-1.8056063971
4.06,-1.9119422801
4.08,-1.9514297902
4.10,-1.9363085170
4.12,-1.9441174747
4.14,-1.7658230234
4.16,-1.6736789212
4.18,-1.7553669258
4.20,-1.7686625722
4.22,-2.0459225374
4.24,-1.8383172620
4.26,-2.0010176884
4.28,-1.6533608564
4.30,-1.9706029020
4.32,-1.7823776777
4.34,-1.9342016169
4.36,-1.7346222128
4.38,-1.7960195235
4.40,-1.8178949622
4.42,-1.6835533905
4.44,-1.8860730996
4.46,-1.8393418724
4.48,-1.8939588770
4.50,-1.7650026386
4.52,-1.8965289440
4.54,-1.8423969464
4.56,-1.6743555292
4.58,-1.9282398774
4.60,-1.6621290666
4.62,-1.8891911724
4.64,-1.7393844452
4.66,-1.5860987826
4.68,-1.6892910395
4.70,-1.8626720656
4.72,-1.5438402769
4.74,-1.8097318200
4.76,-1.9180360483
4.78,-1.7059390130
4.80,-1.4351006841
4.82,-1.7580672323
4.84,-1.6475647337
4.86,-1.5919101315
4.88,-1.4176569907
4.90,-1.8481421366
4.92,-1.5922082133
4.94,-1.7781442311
4.96,-1.5725858612
4.98,-1.4264043768
5.00,-1.4670514215
5.02,-1.5823519303
5.04,-1.5564159625
5.06,-1.5137634953
5.08,-1.5699987656
5.10,-1.5813783459
5.12,-1.5540437489
5.14,-1.5255845878
5.16,-1.5731402889
5.18,-1.1799289788
5.20,-1.4259495588
5.22,-1.6444545122
5.24,-1.5227235989
5.26,-1.3209543011
5.28,-1.4384003356
5.30,-1.5345783483
5.32,-1.5925573484
5.34,-1.3193996559
5.36,-1.3265885626
5.38,-1.5541319101
5.40,-1.3834917381
5.42,-1.3101734980
5.44,-1.2951018907
5.46,-1.3336053554
5.48,-1.2373908164
5.50,-1.4853040117
5.52,-1.4213596152
5.54,-1.1501178761
5.56,-1.3774985492
5.58,-1.5155469231
5.60,-1.1204470762
5.62,-1.2713878911
5.64,-1.3824195494
5.66,-1.3015489456
5.68,-1.1982979535
5.70,-1.1645398694
5.72,-1.2415166020
5.74,-1.2526705134
5.76,-1.1513089130
5.78,-1.1550925361
5.80,-1.0914191249
5.82,-1.2628723969
5.84,-1.2321998736
5.86,-1.2762475264
5.88,-1.1090221628
5.90,-1.2588587123
5.92,-1.1751602456
5.94,-1.3243525292
5.96,-1.1066249523
5.98,-1.1107892793
6.00,-1.1355889104
6.02,-1.0486356287
6.04,-1.0819939348
6.06,-1.1198101127
6.08,-0.9090808405
6.10,-1.0851051294
6.12,-1.0074736890
6.14,-0.9701886938
6.16,-0.9523286409
6.18,-1.0476445096
6.20,-0.9083715808
6.22,-0.9623712504
6.24,-0.7748278170
6.26,-0.9189143813
6.28,-0.7759144086
6.30,-0.8835140177
6.32,-0.8068685422
6.34,-0.8404004535
6.36,-0.7124041033
6.38,-0.8010590290
6.40,-0.7194076232
6.42,-0.6482478328
6.44,-0.5819574359
6.46,-0.7378716790
6.48,-0.6761572151
6.50,-0.7632957273
6.52,-0.7661865397
6.54,-0.7371005460
6.56,-0.3801368684
6.58,-0.5128374795
6.60,-0.4899093999
6.62,-0.4201949485
6.64,-0.4041665302
6.66,-0.3634665098
6.68,-0.2411244555
6.70,-0.4080043769
6.72,-0.3792546912
6.74,-0.3004891020
6.76,-0.1214047577
6.78,-0.2068099204
6.80,0.1157501515
6.82,0.0591851565
6.84,0.1633529066
6.86,0.3921644515
6.88,0.2252597454
6.90,0.3184377273
6.92,0.3859001374
6.94,0.4474997380
6.96,0.4290936582
6.98,0.6388611310
7.00,0.7662227800
7.02,0.8703852292
7.04,0.7617193187
7.06,0.9688864756
7.08,1.0366587479
7.10,1.3036759993
7.12,1.1389771669
7.14,1.5139871323
7.16,1.4087610677
7.18,1.4281173762
7.20,1.5475350377
7.22,1.6538368628
7.24,1.5724392764
7.26,1.7855520965
7.28,1.7438938008
7.30,1.8267987511
7.32,2.0352522426
7.34,1.8719551703
7.36,1.9263440602
7.38,1.9868625454
7.40,1.9193685359
7.42,1.9477736292
7.44,2.1595298194
7.46,1.8597175637
7.48,2.0458338823
7.50,1.8662794381
7.52,1.9472775235
7.54,1.9124188871
7.56,2.0614358860
7.58,2.0173895820
7.60,1.9672091955
7.62,1.9921664912
7.64,1.9671811112
7.66,1.9203418691
7.68,2.0083147021
7.70,2.0524423875
7.72,1.9363785650
7.74,2.0159159964
7.76,2.0729095264
7.78,2.0159965661
7.80,2.0406617501
7.82,2.0472490963
7.84,1.9753808076
7.86,1.9302919964
7.88,2.1417567234
7.90,2.0685571477
7.92,2.0281483446
7.94,1.9087931436
7.96,2.0773254159
7.98,1.9339538609
8.00,2.0292500524
8.02,1.8782915005
8.04,1.8659708124
8.06,1.9888934464
8.08,1.9348170552
8.10,1.7881551841
8.12,2.0094581738
8.14,1.9270492942
8.16,1.8250772150
8.18,1.8830641396
8.20,1.9492381459
8.22,1.7899675360
8.24,1.9993621467
8.26,1.9298329380
8.28,1.8379388667
8.30,1.9228410263
8.32,1.7497330935
8.34,1.9701176706
8.36,1.9315157388
8.38,1.9987246244
8.40,1.8827358636
8.42,1.8635349896
8.44,1.8182686214
8.46,1.8352615657
8.48,1.6872299548
8.50,1.5895255267
8.52,1.7097404073
8.54,1.9245445775
8.56,1.7916154208
8.58,1.5634095745
8.60,1.9373372690
8.62,1.8888199781
8.64,1.7287723538
8.66,1.6982639543
8.68,1.7164023630
8.70,1.9095942071
8.72,1.9144670209
8.74,1.6353679996
8.76,1.7466887128
8.78,1.8334371209
8.80,1.7986805299
8.82,1.7986222678
8.84,1.7608146719
8.86,1.7324175487
8.88,1.5468092765
8.90,1.6219604976
8.92,1.6236785741
8.94,1.7001731577
8.96,1.8584601961
8.98,1.6679880762
9.00,1.6906646756
9.02,1.5438349679
9.04,1.5773590477
9.06,1.5684026458
9.08,1.6550286877
9.10,1.6978831000
9.12,1.8154261236
9.14,1.6747651672
9.16,1.4528752277
9.18,1.6320558641
9.20,1.5044501763
9.22,1.5121726594
9.24,1.5429595592
9.26,1.4749498108
9.28,1.5804912263
9.30,1.4580955266
9.32,1.4488551380
9.34,1.5010777337
9.36,1.3864927808
9.38,1.5354775022
9.40,1.5675713390
9.42,1.5134270065
9.44,1.4388362531
9.46,1.4334301682
9.48,1.6010847514
9.50,1.3255474853
9.52,1.4937587474
9.54,1.5837801260
9.56,1.4844678698
9.58,1.2806187114
9.60,1.2870384692
9.62,1.5116675013
9.64,1.3677686770
9.66,1.3500749511
9.68,1.3367885985
9.70,1.3797263836
9.72,1.5509054732
9.74,1.3349326909
9.76,1.3545387487
9.78,1.3408687295
9.80,1.2072212958
9.82,1.4386931362
9.84,1.2469701735
9.86,1.1278916023
9.88,1.1745139897
9.90,1.4703793704
9.92,1.3135880467
9.94,1.1373900745
9.96,1.3103891212
9.98,1.2342591975
10.00,1.1416018002
10.02,1.4028464007
10.04,1.1350408963
10.06,1.4680485227
10.08,1.1007329808
10.10,1.0072893695
10.12,1.1350704450
10.14,1.2608710826
10.16,1.2005253345
10.18,1.1166875001
10.20,1.1108620341
10.22,1.1278518346
10.24,1.1978524064
10.26,1.2293186921
10.28,1.1032285592
10.30,0.8256491259
10.32,1.2327190951
10.34,0.8911963296
10.36,1.1066710015
10.38,1.2011914334
10.40,1.0328914592
10.42,1.0066259471
10.44,0.9004802331
10.46,0.9721545512
10.48,1.0034404205
10.50,0.8465961377
10.52,0.7335536013
10.54,0.9378265442
10.56,0.8889761167
10.58,0.7893896544
10.60,0.8109368418
10.62,0.7218362675
10.64,0.7880320253
10.66,0.7898704271
10.68,0.6269941939
10.70,0.5578721885
10.72,0.3982107198
10.74,0.5749655708
10.76,0.5860532473
10.78,0.7880502715
10.80,0.5705206209
10.82,0.3814254198
10.84,0.5002130355
10.86,0.2845491026
10.88,0.3734868629
10.90,0.2861470004
10.92,0.2984750031
10.94,0.3343295066
10.96,0.3414444321
10.98,0.1294301812
11.00,-0.0477257622
11.02,0.1173944825
11.04,0.0234799101
11.06,-0.1900817167
11.08,-0.0834600869
11.10,-0.2621764315
11.12,-0.2293705572
11.14,-0.3109540318
11.16,-0.5493802725
11.18,-0.5050881982
11.20,-0.6268107906
11.22,-0.6936785360
11.24,-0.7441316543
11.26,-1.0188071194
11.28,-0.9360969523
11.30,-0.9391218309
11.32,-1.0664619339
11.34,-1.3454568688
11.36,-1.1855646033
11.38,-1.3232679595
11.40,-1.5371019596
11.42,-1.5783872817
11.44,-1.5827122751
11.46,-1.6895529550
11.48,-1.6277895339
11.50,-1.7460977458
11.52,-1.7357788120
11.54,-2.1451055673
11.56,-1.9366045159
11.58,-1.8145880252
11.60,-1.9622584345
11.62,-2.0772538155
11.64,-2.0924168687
11.66,-2.2493271015
11.68,-2.0369607939
11.70,-1.9363662305
11.72,-2.0820493994
11.74,-2.0814175549
11.76,-1.9779894417
11.78,-2.0924328187
11.80,-2.0008729244
11.82,-1.9919426626
11.84,-1.9417470006
11.86,-2.0539155339
11.88,-1.9287896835
11.90,-1.9680695868
11.92,-1.8943958678
11.94,-2.1007020616
11.96,-1.7871693463
11.98,-1.9434546513
12.00,-1.9901143480
12.02,-1.9087537963
12.04,-2.0993953247
12.06,-2.0631362252
12.08,-2.0100297089
12.10,-2.0619392322
12.12,-2.0518561977
12.14,-1.9658287876
12.16,-1.9529840574
12.18,-2.0220077049
12.20,-1.9504687080
12.22,-1.8631180246
12.24,-1.8793039647
12.26,-1.8400553426
12.28,-1.9444815502
12.30,-1.7969476420
12.32,-1.9587597456
12.34,-1.9162911323
12.36,-1.8198829759
12.38,-1.8060108523
12.40,-1.8533821582
12.42,-1.8305951118
12.44,-1.9168797466
12.46,-2.0174922670
12.48,-1.9813068825
12.50,-1.7553498089
12.52,-1.7563148042
12.54,-1.7074992590
12.56,-1.8385095565
12.58,-1.5945328538
12.60,-1.7983059769
12.62,-1.7658622529
12.64,-1.7278484111
12.66,-1.8637079806
12.68,-1.7171474102
12.70,-1.7405695847
12.72,-1.6423584024
12.74,-1.8817395773
12.76,-1.7595696921
12.78,-1.7257246212
12.80,-1.8018943688
12.82,-1.9733073216
12.84,-1.8342956781
12.86,-1.8703940059
12.88,-1.7441085263
12.90,-1.8203168643
12.92,-1.8400484061
12.94,-1.6131476037
12.96,-1.7441150575
12.98,-1.8655671228
13.00,-1.7166086945
13.02,-1.7914572546
13.04,-1.5859753253
13.06,-1.7341254831
13.08,-1.7472075282
13.10,-1.5875618270
13.12,-1.8388716828
13.14,-1.5917515681
13.16,-1.7562011950
13.18,-1.5855925919
13.20,-1.6942959740
13.22,-1.6249356706
13.24,-1.7666981889
13.26,-1.7653703343
13.28,-1.8017032288
13.30,-1.6194960311
13.32,-1.4870605526
13.34,-1.7015431952
13.36,-1.6143000423
13.38,-1.7853317458
13.40,-1.7124973519
13.42,-1.4886746631
13.44,-1.5645787313
13.46,-1.4625448531
13.48,-1.7235458554
13.50,-1.6221668405
13.52,-1.6593932683
13.54,-1.5335249741
13.56,-1.4801379630
13.58,-1.6490909752
13.60,-1.4237783926
13.62,-1.4522688853
13.64,-1.4033419001
13.66,-1.6220571115
13.68,-1.6223699291
13.70,-1.5064327664
13.72,-1.4768420901
13.74,-1.4504206063
13.76,-1.4731062038
13.78,-1.5027213749
13.80,-1.5104301987
13.82,-1.5686171698
13.84,-1.3435154167
13.86,-1.4139296595
13.88,-1.3795873218
13.90,-1.3807975467
13.92,-1.3810059404
13.94,-1.4612305912
13.96,-1.3436284942
13.98,-1.4605271101
14.00,-1.3647232219
14.02,-1.4900645570
14.04,-1.4797094191
14.06,-1.1751596598
14.08,-1.4869978253
14.10,-1.4321931608
14.12,-1.3979780461
14.14,-1.2888784242
14.16,-1.2768648199
14.18,-1.2993342985
14.20,-1.2565724688
14.22,-1.5084807373
14.24,-1.2340521832
14.26,-1.2648155817
14.28,-1.3704243909
14.30,-1.0938414372
14.32,-1.3743863823
14.34,-1.3369754594
14.36,-1.0420602358
14.38,-1.2722170585
14.40,-1.1604182126
14.42,-1.2040895355
14.44,-1.2415961237
14.46,-1.0083344574
14.48,-1.0696602672
14.50,-0.9052529605
14.52,-1.2554776260
14.54,-1.1286980971
14.56,-1.0559001979
14.58,-1.0060907097
14.60,-1.0351930214
14.62,-1.2194931898
14.64,-0.8814207893
14.66,-0.9541676035
14.68,-0.8678561937
14.70,-1.0509655401
14.72,-1.0441402206
14.74,-0.8510525240
14.76,-0.9584332635
14.78,-0.6829357161
14.80,-0.9205123231
14.82,-0.6907423664
14.84,-0.8773498123
14.86,-0.6517017518
14.88,-0.7607904024
14.90,-0.6718803927
14.92,-0.6671680653
14.94,-0.8519707492
14.96,-0.6235057060
14.98,-0.6207403876
15.00,-0.5868446778
15.02,-0.6288761864
15.04,-0.5233144426
15.06,-0.4752775428
15.08,-0.5481930170
15.10,-0.5513073951
15.12,-0.3847963821
15.14,-0.4061305234
15.16,-0.4833672710
15.18,-0.1843539480
15.20,-0.3519829515
15.22,-0.1482014776
15.24,0.0080343475
15.26,0.0459318250
15.28,-0.1320900555
15.30,-0.0875533021
15.32,0.0748088877
15.34,0.0672860644
15.36,0.2283693998
15.38,0.4811223437
15.40,0.3810703749
15.42,0.6684062484
15.44,0.5802486170
15.46,0.5811383568
15.48,0.8378917250
15.50,0.6777092633
15.52,0.8577281515
15.54,1.0726558079
15.56,1.1476082116
15.58,1.2279350908
15.60,1.2925900201
15.62,1.4758816038
15.64,1.4169878753
15.66,1.6302339336
15.68,1.6672731925
15.70,1.5961916384
15.72,1.8448298883
15.74,1.9471861386
15.76,2.1069563292
15.78,1.6510280631
15.80,1.9002288550
15.82,2.0346628756
15.84,1.8856477580
15.86,1.8413680151
15.88,1.9326979844
15.90,2.0530832729
15.92,1.9931454262
15.94,1.8048341225
15.96,1.8188718853
15.98,1.9033379232
16.00,2.1071187436
16.02,1.9515788853
16.04,2.0543832081
16.06,2.0456280608
16.08,2.0704189321
16.10,1.8590647575
16.12,1.9266505847
16.14,2.0170251039
16.16,2.0443769802
16.18,1.8811950343
16.20,1.9314445147
16.22,2.0734266820
16.24,1.9164915820
16.26,1.9785609882
16.28,2.0637867701
16.30,2.0621650297
16.32,1.8426028482
16.34,1.9278763438
16.36,1.8147385211
16.38,1.8067496056
16.40,2.0871730941
16.42,1.9456318403
16.44,1.9887468265
16.46,1.6233455838
16.48,2.0168151162
16.50,2.0368315088
16.52,1.9266928305
16.54,1.8615715891
16.56,1.8938279338
16.58,1.9929508310
16.60,1.8394139390
16.62,1.7934903618
16.64,1.7992656292
16.66,1.9427186395
16.68,1.8788497619
16.70,1.7431294265
16.72,1.8410024436
16.74,1.7815576543
16.76,1.9298635845
16.78,1.8975050228
16.80,2.0511420042
16.82,1.8165268560
16.84,1.7832637116
16.86,1.7653943180
16.88,1.6683314934
16.90,1.6962137094
16.92,1.7529013305
16.94,1.7069054731
16.96,1.7207867905
16.98,1.7550929705
17.00,1.8873515993
17.02,1.7752790417
17.04,1.9438358381
17.06,1.7309055199
17.08,1.9052142387
17.10,1.6256417981
17.12,1.7768931631
17.14,1.8037477163
17.16,1.5767490103
17.18,1.7274312120
17.20,1.7517317181
17.22,1.8595883988
17.24,1.8672457892
17.26,1.9220402438
17.28,1.6614330039
17.30,1.5607443575
17.32,1.6642844664
17.34,1.7601758305
17.36,1.7918319707
17.38,1.5836044767
17.40,1.7732183304
17.42,1.8177782340
17.44,1.6256688841
17.46,1.7805316042
17.48,1.6005947775
17.50,1.8246552389
17.52,1.5600063682
17.54,1.6196105034
17.56,1.5931564943
17.58,1.7408587882
17.60,1.5587645882
17.62,1.5730736362
17.64,1.6382068127
17.66,1.6276814553
17.68,1.5490560281
17.70,1.5031764274
17.72,1.7384602193
17.74,1.5516366437
17.76,1.4709169671
17.78,1.5496803763
17.80,1.4272630605
17.82,1.5415054280
17.84,1.5173429684
17.86,1.4383145131
17.88,1.4826219414
17.90,1.4572803576
17.92,1.7027924675
17.94,1.5877877343
17.96,1.3613188750
17.98,1.3768296383
18.00,1.5786915777
18.02,1.5119330274
18.04,1.3399057970
18.06,1.4191826226
18.08,1.3669574204
18.10,1.3536592215
18.12,1.5924092358
18.14,1.2886491790
18.16,1.3863476864
18.18,1.4771928903
18.20,1.2868094233
18.22,1.3976595179
18.24,1.4520577476
18.26,1.3288832046
18.28,1.3423000017
18.30,1.4910136089
18.32,1.3595811358
18.34,1.1901371359
18.36,1.3830436733
18.38,1.4016465846
18.40,1.1455555258
18.42,1.3700594923
18.44,1.4250798555
18.46,1.1570013692
18.48,1.3087109474
18.50,1.2358943791
18.52,1.2171846885
18.54,1.2119357566
18.56,1.1602940134
18.58,1.2030454718
18.60,1.1798769541
18.62,1.2229736852
18.64,1.0941715869
18.66,1.1195949519
18.68,1.0940250683
18.70,1.3157502380
18.72,1.2205336535
18.74,1.2254115663
18.76,1.0824427132
18.78,0.9076393189
18.80,0.9980877377
18.82,0.9353651286
18.84,1.0215611567
18.86,1.2471155745
18.88,0.8186955412
18.90,1.0518475189
18.92,0.7473422097
18.94,0.9122722268
18.96,0.9318491491
18.98,0.9610314879
19.00,0.9356479972
19.02,0.7692410648
19.04,0.6732873229
19.06,0.9025946471
19.08,0.8832306275
19.10,0.7372087291
19.12,0.7902973726
19.14,0.6910839893
19.16,0.7207352606
19.18,0.8030069339
19.20,0.6819170757
19.22,0.5309477305
19.24,0.8415702658
19.26,0.5982127518
19.28,0.3683246761
19.30,0.6301589252
19.32,0.2683214807
19.34,0.5120085632
19.36,0.3776698564
19.38,0.3699377811
19.40,0.4873332538
19.42,0.3941526836
19.44,0.1476185588
19.46,-0.0105717575
19.48,0.2053380913
19.50,-0.0425168290
19.52,-0.0238519308
19.54,0.0237401779
19.56,-0.2091193139
19.58,-0.1610688820
19.60,-0.2705681413
19.62,-0.2122163633
19.64,-0.2812067616
19.66,-0.3225858351
19.68,-0.6588200567
19.70,-0.6762424001
19.72,-0.5538541094
19.74,-1.0372358485
19.76,-1.0539327590
19.78,-1.0876195941
19.80,-1.0221294411
19.82,-1.3809321473
19.84,-1.2792620205
19.86,-1.2831164924
19.88,-1.5196000903
19.90,-1.4905496845
19.92,-1.6908346220
19.94,-1.8272523986
19.96,-1.7652026628
19.98,-1.7876687427
20.00,-1.9249231686
20.02,-1.8993561728
20.04,-2.0082624995
20.06,-1.7678465824
20.08,-2.0070798358
20.10,-1.9849893694
20.12,-1.9150163079
20.14,-2.0906307198
20.16,-1.8369443845
20.18,-2.1060869983
20.20,-1.9181167014
20.22,-1.9346702413
20.24,-2.0533439604
20.26,-2.1609022652
20.28,-2.0763344239
20.30,-2.1062084226
20.32,-1.9474464187
20.34,-2.1828015801
20.36,-1.8182358822
20.38,-1.8384605448
20.40,-2.0885392541
20.42,-1.9584842110
20.44,-2.0790587950
20.46,-1.9630581136
20.48,-2.0345305396
20.50,-1.8673504177
20.52,-1.8821788372
20.54,-2.0814487694
20.56,-1.9948060807
20.58,-1.9819955142
20.60,-2.1472178173
20.62,-1.9941958649
20.64,-1.8604726538
20.66,-1.8566754076
20.68,-1.9649996327
20.70,-2.0144045516
20.72,-1.8318881534
20.74,-1.8643672227
20.76,-2.0648359559
20.78,-1.9461082157
20.80,-2.0624761175
20.82,-1.8104728566
20.84,-1.7328822132
20.86,-1.6707158617
20.88,-1.8090131679
20.90,-1.8907004162
20.92,-2.0251232166
20.94,-1.8731272903
20.96,-2.0441831718
20.98,-1.8821322147
21.00,-1.7277354014
21.02,-1.7825121530
21.04,-1.8340235975
21.06,-1.7051336987
21.08,-1.8183413265
21.10,-1.8548690762
21.12,-1.8561466072
21.14,-1.5405995082
21.16,-1.8751051306
21.18,-1.8748007046
21.20,-1.8566459364
21.22,-1.8399083751
21.24,-1.7286826645
21.26,-1.8888557730
21.28,-1.6581572404
21.30,-1.8093976676
21.32,-1.7164138993
21.34,-1.8115020047
21.36,-1.8799421172
21.38,-1.8144041495
21.40,-1.7976322677
21.42,-1.7884654905
21.44,-1.5580428303
21.46,-2.0622210307
21.48,-1.7969356113
21.50,-1.7548391401
21.52,-1.8326873699
21.54,-1.7110643170
21.56,-1.5255892367
21.58,-1.7761746048
21.60,-1.7046984396
21.62,-1.5905241682
21.64,-1.7078474843
21.66,-1.6349204722
21.68,-1.5731784163
21.70,-1.6595875636
21.72,-1.4912166247
21.74,-1.5431955165
21.76,-1.7325382449
21.78,-1.6633644648
21.80,-1.6809882693
21.82,-1.4993728968
21.84,-1.5315795181
21.86,-1.5980953270
21.88,-1.5747171572
21.90,-1.5096542902
21.92,-1.5861837867
21.94,-1.5394596572
21.96,-1.4461721107
21.98,-1.7314435891
22.00,-1.6128000532
22.02,-1.6611385736
22.04,-1.5827817819
22.06,-1.4350060714
22.08,-1.3564098166
22.10,-1.4916962810
22.12,-1.5657541717
22.14,-1.6335618566
22.16,-1.3846088793
22.18,-1.4854837803
22.20,-1.6203954071
22.22,-1.5197117561
22.24,-1.5018389617
22.26,-1.3374046990
22.28,-1.4398520860
22.30,-1.4305311757
22.32,-1.5100126552
22.34,-1.5431879283
22.36,-1.4803507073
22.38,-1.2853244707
22.40,-1.4060377692
22.42,-1.3137175698
22.44,-1.3642633126
22.46,-1.1908408847
22.48,-1.3329919981
22.50,-1.3889690997
22.52,-1.4155231035
22.54,-1.1971955838
22.56,-1.3100408054
22.58,-1.3420220357
22.60,-1.4080437828
22.62,-1.2241394682
22.64,-1.2865308927
22.66,-1.3238896301
22.68,-1.3345998828
22.70,-1.2996455198
22.72,-1.2035070882
22.74,-1.1415162791
22.76,-1.0656857538
22.78,-1.1608280827
22.80,-1.2674221256
22.82,-1.0668903943
22.84,-1.1190408558
22.86,-1.2032829335
22.88,-1.2406763867
22.90,-1.1439681063
22.92,-1.2438427258
22.94,-1.2432843836
22.96,-1.2149384236
22.98,-1.0782800625
23.00,-1.2318930087
23.02,-0.9461707075
23.04,-0.9489309308
23.06,-1.1300714445
23.08,-0.9259365078
23.10,-1.0550432718
23.12,-0.8227630184
23.14,-0.8449839162
23.16,-1.0846929967
23.18,-1.1309716100
23.20,-0.9174431523
23.22,-0.7603520233
23.24,-0.8325265922
23.26,-0.9614088357
23.28,-0.8799932282
23.30,-0.8255643921
23.32,-0.7221952762
23.34,-0.8694273305
23.36,-0.6419799223
23.38,-0.6921542055
23.40,-0.7106283781
23.42,-0.5731032004
23.44,-0.7263121368
23.46,-0.4967671604
23.48,-0.4485599371
23.50,-0.5150581885
23.52,-0.5079032460
23.54,-0.2561551811
23.56,-0.4200455326
23.58,-0.4428129205
23.60,-0.3725219915
23.62,-0.1424068860
23.64,-0.4271140514
23.66,-0.2393216961
23.68,-0.2527678065
23.70,-0.1386766244
23.72,-0.0220185381
23.74,-0.0719633661
23.76,0.1359887605
23.78,0.1540753883
23.80,0.2000410773
23.82,0.1315460001
23.84,0.3618535234
23.86,0.3298543120
23.88,0.4553852045
23.90,0.7180450217
23.92,0.6535608096
23.94,0.5998734768
23.96,0.6474250802
23.98,0.9258290374
24.00,1.1081338528
24.02,1.1801237276
24.04,1.0536142127
24.06,1.1136416217
24.08,1.4785823082
24.10,1.3618510397
24.12,1.6190783622
24.14,1.5579735298
24.16,1.6563874668
24.18,1.5944452352
24.20,1.8482573323
24.22,1.9008341117
24.24,1.8877936424
24.26,1.9025263041
24.28,1.8091795192
24.30,1.9745196528
24.32,1.9412695095
24.34,1.9533892879
24.36,1.8852070641
24.38,2.2134099556
24.40,2.1524719623
24.42,2.0512506432
24.44,2.0348683337
24.46,1.9234794872
24.48,1.9823189877
24.50,2.0690827829
24.52,1.9390066446
24.54,2.1716614933
24.56,2.0111747824
24.58,2.1889724793
24.60,2.0748043577
24.62,1.9803746362
24.64,2.0555774353
24.66,2.1057384350
24.68,2.0531827819
24.70,2.0273027416
24.72,2.1355389038
24.74,2.2804479678
24.76,1.9212763353
24.78,2.0581728769
24.80,1.9604898991
24.82,2.1859799978
24.84,1.9469097847
24.86,1.8927313739
24.88,1.9416663718
24.90,1.7560620736
24.92,1.9701042809
24.94,1.9639960326
24.96,1.9564871705
24.98,1.6785601589
25.00,1.7956103865
25.02,1.9947914197
25.04,2.0014543233
25.06,1.8853390281
25.08,1.8273225949
25.10,1.8951323101
25.12,1.8687669520
25.14,1.9689442373
25.16,1.7455500679
25.18,1.8178354278
25.20,1.8244975948
25.22,1.7673809977
25.24,1.9966607160
25.26,1.8289952564
25.28,1.7646725460
25.30,1.5544766054
25.32,1.7844982858
25.34,1.8216702607
25.36,1.8774882275
25.38,1.8200742710
25.40,1.9587402266
25.42,1.7723256877
25.44,1.9494775051
25.46,1.7545991468
25.48,1.9079846560
25.50,1.6993235896
25.52,1.7240613983
25.54,1.9708231157
25.56,1.8157172398
25.58,1.7344783481
25.60,1.8310112721
25.62,1.7611420053
25.64,1.7424754849
25.66,1.6229125460
25.68,1.7824896643
25.70,1.6952306076
25.72,1.8129337088
25.74,1.7658641033
25.76,1.7459594540
25.78,1.9616549912
25.80,1.8271690806
25.82,1.6951924530
25.84,1.8072777967
25.86,1.7942562893
25.88,1.7938465418
25.90,1.6726003134
25.92,1.7273198199
25.94,1.6816459338
25.96,1.7015193045
25.98,1.4798735632
26.00,1.5494231797
26.02,1.5879874638
26.04,1.6329631763
26.06,1.7615541740
26.08,1.6989168646
26.10,1.4835051202
26.12,1.5836672857
26.14,1.5622407179
26.16,1.4894215863
26.18,1.6331872669
26.20,1.4669562057
26.22,1.5928485656
26.24,1.5480210253
26.26,1.3402352747
26.28,1.5972069996
26.30,1.5608598902
26.32,1.5441706483
26.34,1.4659170622
26.36,1.3453206689
26.38,1.6617448697
26.40,1.4117147560
26.42,1.5157038879
26.44,1.4455695791
26.46,1.5791170403
26.48,1.3145476273
26.50,1.5495550118
26.52,1.2827408805
26.54,1.5101480687
26.56,1.4165277301
26.58,1.4499743190
26.60,1.5825365603
26.62,1.3498723875
26.64,1.4661009050
26.66,1.3702258466
26.68,1.4511112749
26.70,1.4437739581
26.72,1.2938076229
26.74,1.3631810949
26.76,1.5683485762
26.78,1.3469728154
26.80,1.2665468743
26.82,1.4802225770
26.84,1.2355040149
26.86,1.0874172955
26.88,1.2960883796
26.90,1.3751496399
26.92,1.2794709830
26.94,1.2120673575
26.96,1.3464574744
26.98,1.1608321816
27.00,1.2133367506
27.02,1.1041163092
27.04,1.2643622081
27.06,1.1734465461
27.08,1.0582339971
27.10,1.2211487699
27.12,1.0300045949
27.14,1.2557353843
27.16,1.1646288578
27.18,1.1041784507
27.20,1.0595131751
27.22,1.1535714833
27.24,1.1593046553
27.26,1.2453999746
27.28,0.9878042117
27.30,1.0036523336
27.32,0.9114774021
27.34,0.8701883556
27.36,0.9940868833
27.38,0.8610631977
27.40,0.7387896850
27.42,0.9252101169
27.44,0.9070576625
27.46,0.7873672880
27.48,0.9932736903
27.50,0.6810635555
27.52,1.0060089081
27.54,1.0294301669
27.56,0.5628071307
27.58,0.9244924280
27.60,0.6074388050
27.62,0.7643021277
27.64,0.7543573455
27.66,0.7387403109
27.68,0.5103883935
27.70,0.4544614618
27.72,0.6491445304
27.74,0.6564239613
27.76,0.5702826691
27.78,0.4145558190
27.80,0.4721562348
27.82,0.5349187013
27.84,0.3197148921
27.86,0.4336054203
27.88,0.3330498336
27.90,0.3020912242
27.92,0.2803938335
27.94,0.1355437339
27.96,-0.0247151863
27.98,-0.0450058024
28.00,-0.0576782252
28.02,-0.0707953642
28.04,0.0238369420
28.06,-0.2456484635
28.08,-0.2872872666
28.10,-0.3850399563
28.12,-0.5889640058
28.14,-0.5458450575
28.16,-0.8095077040
28.18,-0.7025034954
28.20,-0.7321264178
28.22,-0.8281218916
28.24,-0.8817956146
28.26,-1.1663900557
28.28,-1.2162976889
28.30,-1.1619775502
28.32,-1.4844896702
28.34,-1.5414113067
28.36,-1.5183311270
28.38,-1.5384778547
28.40,-1.6541554377
28.42,-1.5889815255
28.44,-1.7915635286
28.46,-1.8764493166
28.48,-1.9572986614
28.50,-1.8579160020
28.52,-1.9839080960
28.54,-2.0542685679
28.56,-2.0723355507
28.58,-1.8803558412
28.60,-1.8630773665
28.62,-2.0815502138
28.64,-2.0391055877
28.66,-2.0844165907
28.68,-2.0947066123
28.70,-2.1371532339
28.72,-1.9153446013
28.74,-1.9298551151
28.76,-2.0726708347
28.78,-1.9872989755
28.80,-1.9757313629
28.82,-1.9944154691
28.84,-2.0733053724
28.86,-2.1177048033
28.88,-1.9224234615
28.90,-1.9636204246
28.92,-2.0573603172
28.94,-2.0965097083
28.96,-1.9720049222
28.98,-1.9339205920
29.00,-2.0065852527
29.02,-2.0982149630
29.04,-2.0918980440
29.06,-2.1813032539
29.08,-2.0685547305
29.10,-1.9333459085
29.12,-1.9616529886
29.14,-1.9233640120
29.16,-1.8006276906
29.18,-1.8568157581
29.20,-2.0210481645
29.22,-1.8963342620
29.24,-1.9731767492
29.26,-1.8898351479
29.28,-2.0278476813
29.30,-1.8835589700
29.32,-1.9567873483
29.34,-1.8559156475
29.36,-1.9722213535
29.38,-1.9294765673
29.40,-1.8258074774
29.42,-1.9295796496
29.44,-1.9227399705
29.46,-1.9338793053
29.48,-1.9514283478
29.50,-1.9626212991
29.52,-2.0089428372
29.54,-1.8630019631
29.56,-1.8811978258
29.58,-1.7631092625
29.60,-1.8214615771
29.62,-1.7428312540
29.64,-1.7720382889
29.66,-1.8639275052
29.68,-1.7394040784
29.70,-1.7438539302
29.72,-1.8315534889
29.74,-1.7173160842
29.76,-1.7364100174
29.78,-1.6054521673
29.80,-1.7761732453
29.82,-1.7310838446
29.84,-1.6106487936
29.86,-1.9243679511
29.88,-1.7494593772
29.90,-1.8268623290
29.92,-1.6404869405
29.94,-1.8389629684
29.96,-1.7358981591
29.98,-1.6644048134
30.00,-1.8006358364
30.02,-1.6731032128
30.04,-1.6599177827
30.06,-1.6384648958
30.08,-1.6470920291
30.10,-1.7666184233
30.12,-1.8358876305
30.14,-1.6106926025
30.16,-1.7920943113
30.18,-1.5025122606
30.20,-1.4824979293
30.22,-1.6600427495
30.24,-1.6864098786
30.26,-1.4676295682
30.28,-1.7250255056
30.30,-1.7946728385
30.32,-1.4957460084
30.34,-1.5955402678
30.36,-1.7172421493
30.38,-1.6673640397
30.40,-1.5652292836
30.42,-1.5755371509
30.44,-1.6924223224
30.46,-1.5265722639
30.48,-1.5233103326
30.50,-1.4960591502
30.52,-1.5573422464
30.54,-1.4694508464
30.56,-1.4346971981
30.58,-1.4068545472
30.60,-1.4908214126
30.62,-1.5363875410
30.64,-1.5053929745
30.66,-1.5911498003
30.68,-1.4012631126
30.70,-1.2710928537
30.72,-1.4577387594
30.74,-1.4594394329
30.76,-1.4566205445
30.78,-1.6268967658
30.80,-1.3389920491
30.82,-1.5344386357
30.84,-1.5362797632
30.86,-1.5855519625
30.88,-1.3299218785
30.90,-1.3028092901
30.92,-1.3619088446
30.94,-1.3514557043
30.96,-1.2801941719
30.98,-1.3997880609
31.00,-1.3399972729
31.02,-1.2913930923
31.04,-1.3175432918
31.06,-1.3991053399
31.08,-1.2394627596
31.10,-1.3729744053
31.12,-1.2426220320
31.14,-1.2861667487
31.16,-1.2088920828
31.18,-1.0773383805
31.20,-1.1046810811
31.22,-0.9896513741
31.24,-1.1392864701
31.26,-1.0399613500
31.28,-1.1668058916
31.30,-1.2027484924
31.32,-1.2307466542
31.34,-1.0201227363
31.36,-1.0845001290
31.38,-1.0152493054
31.40,-1.1159720622
31.42,-1.0844070422
31.44,-1.0732153419
31.46,-1.0274230235
31.48,-1.0537169005
31.50,-1.0707837907
31.52,-0.8781941378
31.54,-1.2544717317
31.56,-1.0419318005
31.58,-1.0797098045
31.60,-0.8853200342
31.62,-1.0311078339
31.64,-0.9620405669
31.66,-0.8980767154
31.68,-0.7846063991
31.70,-0.8277997196
31.72,-0.8543188423
31.74,-0.7780518131
31.76,-1.0153806348
31.78,-0.8191398150
31.80,-0.8338833038
31.82,-0.7641702372
31.84,-0.7201590083
31.86,-0.6605986414
31.88,-0.6968858128
31.90,-0.7662479581
31.92,-0.6357154084
31.94,-0.8050674914
31.96,-0.6514236469
31.98,-0.5576359136
32.00,-0.6680757259
32.02,-0.3561347167
32.04,-0.5446254916
32.06,-0.4624484997
32.08,-0.4914156092
32.10,-0.3006653366
32.12,-0.1925409539
32.14,-0.1793618803
32.16,-0.3917350242
32.18,-0.2084624393
32.20,-0.1168717535
32.22,0.0035516195
32.24,-0.0241255053
32.26,0.2277786793
32.28,0.2999607574
32.30,0.1608627884
32.32,0.3142780782
32.34,0.4109806987
32.36,0.3495179155
32.38,0.4118126333
32.40,0.5187931550
32.42,0.7219400674
32.44,0.8113945363
32.46,0.6783686401
32.48,0.9522852141
32.50,1.2475822774
32.52,1.1585008601
32.54,1.2551573054
32.56,1.3831866660
32.58,1.7691183083
32.60,1.4910211023
32.62,1.7972533063
32.64,1.7659039982
32.66,1.6374793131
32.68,1.7173702307
32.70,1.7454025647
32.72,1.8295294499
32.74,1.9371557962
32.76,1.9112338832
32.78,1.8811345932
32.80,1.8304796205
32.82,2.0378617955
32.84,1.9459471611
32.86,1.8711550027
32.88,2.0819364061
32.90,2.0239811072
32.92,2.1200780944
32.94,1.8239835945
32.96,1.9891820678
32.98,1.9326242315
33.00,1.9875681971
33.02,1.8127848470
33.04,1.9205512055
33.06,2.0287091898
33.08,1.9564360393
33.10,1.8981899394
33.12,2.1159661997
33.14,2.0772239402
33.16,1.9303801589
33.18,2.0264821048
33.20,1.8568541115
33.22,1.9892953194
33.24,1.8256296841
33.26,2.1086098956
33.28,2.0742530362
33.30,2.0629987382
33.32,1.8660574793
33.34,1.8781300242
33.36,1.8593489297
33.38,2.0531006503
33.40,1.9528685182
33.42,1.9228180955
33.44,1.8740253508
33.46,1.9745553555
33.48,1.9050187568
33.50,2.0846743793
33.52,1.8701524844
33.54,1.7479401790
33.56,1.9152334136
33.58,1.8345216179
33.60,1.9664331149
33.62,1.9349929426
33.64,1.9531840290
33.66,2.0752818972
33.68,1.7915005359
33.70,1.8762948754
33.72,1.8115212006
33.74,1.7666030392
33.76,1.9703512962
33.78,1.6837449678
33.80,1.7014316530
33.82,1.8183775188
33.84,1.9083467105
33.86,1.9523709880
33.88,1.7474033066
33.90,1.8274564193
33.92,1.8351111822
33.94,1.9561042501
33.96,1.8644793070
33.98,1.8767414649
34.00,1.7338097030
34.02,1.8318860675
34.04,1.6128677151
34.06,2.0088725997
34.08,1.8276050575
34.10,1.6790012217
34.12,1.7023230173
34.14,1.8217829262
34.16,1.7556411336
34.18,1.5347798826
34.20,1.7503379082
34.22,1.5427267895
34.24,1.7181139665
34.26,1.6371994974
34.28,1.7111540774
34.30,1.6850612631
34.32,1.7560410293
34.34,1.8225379211
34.36,1.6206357044
34.38,1.6630503917
34.40,1.7826800985
34.42,1.5551089294
34.44,1.5807519510
34.46,1.5638217387
34.48,1.4935081271
34.50,1.6635095695
34.52,1.6934581564
34.54,1.4614822683
34.56,1.6778993328
34.58,1.8404814475
34.60,1.6275227436
34.62,1.7083986630
34.64,1.6287124619
34.66,1.5340557955
34.68,1.5568003484
34.70,1.6221456913
34.72,1.7119959102
34.74,1.4260696940
34.76,1.5531096335
34.78,1.5567305145
34.80,1.4139088912
34.82,1.5793096531
34.84,1.4005916147
34.86,1.5938336403
34.88,1.5687143249
34.90,1.5683312159
34.92,1.4946356162
34.94,1.5519828284
34.96,1.4260559880
34.98,1.5308942174
35.00,1.3541028038
35.02,1.3178409990
35.04,1.3269429738
35.06,1.4368923532
35.08,1.4298977638
35.10,1.4779607210
35.12,1.2096257293
35.14,1.3211274478
35.16,1.5271938380
35.18,1.3892835326
35.20,1.3065103799
35.22,1.4071256678
35.24,1.4146960120
35.26,1.2040420949
35.28,1.3257164280
35.30,1.1595880003
35.32,1.1370565797
35.34,1.2630146036
35.36,1.4419468630
35.38,1.3606306806
35.40,1.4063752061
35.42,1.2016301997
35.44,1.0983611055
35.46,1.2330426717
35.48,1.1586004564
35.50,1.2041703098
35.52,1.5099008434
35.54,1.2011373338
35.56,1.1475489093
35.58,1.2336396027
35.60,1.2450514314
35.62,1.0356593065
35.64,1.2630058151
35.66,1.0714761006
35.68,1.0587022305
35.70,1.0251196867
35.72,0.8810341822
35.74,1.1788838127
35.76,1.0155494981
35.78,1.0370304963
35.80,1.1212161525
35.82,0.9365477605
35.84,0.7339952067
35.86,1.1541243648
35.88,0.8936348837
35.90,0.9705086881
35.92,0.8505102457
35.94,0.9344637293
35.96,0.7823660286
35.98,0.8438587656
36.00,0.7732227526
36.02,0.7781805530
36.04,0.8167038551
36.06,0.5553775562
36.08,0.9116499361
36.10,0.7144373431
36.12,0.6316655151
36.14,0.5333826568
36.16,0.6565315057
36.18,0.6288612852
36.20,0.5451856516
36.22,0.5668528404
36.24,0.4604979738
36.26,0.4245470560
36.28,0.5510658791
36.30,0.1844488339
36.32,0.2982892098
36.34,0.2613956655
36.36,0.2764342279
36.38,0.2047749560
36.40,0.2607427409
36.42,0.1678419436
36.44,0.0444202858
36.46,-0.0160634184
36.48,0.0562211098
36.50,-0.2006786223
36.52,-0.1041471599
36.54,-0.2831280536
36.56,-0.3481497894
36.58,-0.6476893539
36.60,-0.4129660678
36.62,-0.4718152606
36.64,-0.6360538434
36.66,-0.6927580419
36.68,-0.7894771825
36.70,-0.8012127654
36.72,-1.0063190622
36.74,-1.0762000556
36.76,-1.2259095824
36.78,-1.4176296219
36.80,-1.2180747666
36.82,-1.4144693080
36.84,-1.7130120416
36.86,-1.5831575984
36.88,-1.6053399153
36.90,-1.7707882234
36.92,-1.8114008731
36.94,-1.9583428675
36.96,-1.8204963026
36.98,-1.9056313869
37.00,-1.9696867121
37.02,-1.7673084810
37.04,-1.9223662948
37.06,-1.9346307364
37.08,-2.0003850580
37.10,-2.0619949681
37.12,-2.2584685839
37.14,-2.0761010918
37.16,-1.9350141025
37.18,-2.0114131216
37.20,-1.9679131016
37.22,-1.9068257290
37.24,-1.9727172821
37.26,-2.1237812384
37.28,-1.9831417179
37.30,-2.1090087305
37.32,-2.3569607268
37.34,-2.0476826149
37.36,-1.6928582591
37.38,-2.1249428021
37.40,-1.9273587402
37.42,-2.0207089599
37.44,-2.0535097825
37.46,-1.9674870572
37.48,-2.0738993408
37.50,-2.0077218685
37.52,-2.0085468141
37.54,-1.9575640976
37.56,-2.0838481068
37.58,-1.9163113247
37.60,-1.9788427117
37.62,-1.8262547895
37.64,-1.8315646195
37.66,-1.9620660106
37.68,-1.7910220437
37.70,-2.2756745924
37.72,-1.8978845624
37.74,-1.9504088056
37.76,-1.8466529502
37.78,-1.7812089521
37.80,-1.7122995764
37.82,-1.8786624515
37.84,-1.8733048862
37.86,-1.9832239613
37.88,-1.7824888165
37.90,-1.7989928493
37.92,-1.9712264104
37.94,-1.8260162326
37.96,-2.0424730560
37.98,-1.7600548167
38.00,-1.8069001063
38.02,-1.9219864721
38.04,-1.9832398708
38.06,-1.8370084311
38.08,-1.9038489888
38.10,-1.6961268964
38.12,-1.8789033938
38.14,-1.7503705506
38.16,-1.7195445187
38.18,-1.6092623385
38.20,-1.7767784207
38.22,-1.7321644259
38.24,-1.5462437508
38.26,-1.7716126129
38.28,-1.6378602543
38.30,-1.6538354899
38.32,-1.7779614951
38.34,-1.7010818751
38.36,-1.7173510836
38.38,-1.7707195989
38.40,-1.6962768401
38.42,-1.7208388133
38.44,-1.7472436112
38.46,-1.6440935222
38.48,-1.7595131330
38.50,-1.6597570342
38.52,-1.6104629343
38.54,-1.6339902971
38.56,-1.6070184476
38.58,-1.6231597138
38.60,-1.8840327622
38.62,-1.9315965167
38.64,-1.6179366959
38.66,-1.6381548125
38.68,-1.5495281380
38.70,-1.6026472880
38.72,-1.5686428908
38.74,-1.5502338511
38.76,-1.5814478609
38.78,-1.6834882726
38.80,-1.6978753172
38.82,-1.5916754959
38.84,-1.6925717748
38.86,-1.6090152401
38.88,-1.5765485907
38.90,-1.5881209733
38.92,-1.3554108849
38.94,-1.5333398421
38.96,-1.5705862113
38.98,-1.5346084664
39.00,-1.5703442478
39.02,-1.3981701725
39.04,-1.5214448783
39.06,-1.5611192987
39.08,-1.3622612229
39.10,-1.6370218842
39.12,-1.5173039581
39.14,-1.4423726868
39.16,-1.4142994220
39.18,-1.4319253810
39.20,-1.4758126756
39.22,-1.5201986587
39.24,-1.3004024294
39.26,-1.3223510378
39.28,-1.4383366695
39.30,-1.2996910769
39.32,-1.3518933835
39.34,-1.4490625092
39.36,-1.3629542140
39.38,-1.3306514760
39.40,-1.4131358743
39.42,-1.4813733016
39.44,-1.4133099304
39.46,-1.2728188414
39.48,-1.2884657995
39.50,-1.3133865546
39.52,-1.2816341111
39.54,-1.2416693586
39.56,-1.3357824766
39.58,-1.1401531886
39.60,-1.2467464273
39.62,-1.3784194661
39.64,-1.3351838421
39.66,-1.2025616744
39.68,-1.1037004226
39.70,-1.2267048269
39.72,-1.1786562823
39.74,-1.2282593081
39.76,-1.0775128060
39.78,-1.3019109554
39.80,-1.0172482826
39.82,-1.2273748575
39.84,-1.0789533895
39.86,-0.9662277353
39.88,-0.9999737716
39.90,-0.9813105063
39.92,-1.1300171809
39.94,-1.1023378171
39.96,-1.1299817193
39.98,-1.1153582532
40.00,-1.0532546415
40.02,-0.9815085382
40.04,-0.9027834399
40.06,-1.0390561815
40.08,-1.0788706292
40.10,-1.1150828095
40.12,-1.0266989965
40.14,-0.9047953287
40.16,-0.9572233742
40.18,-0.9040116857
40.20,-0.8556963836
40.22,-0.7735802293
40.24,-0.7361007689
40.26,-0.8002273989
40.28,-0.6710095655
40.30,-0.7391418738
40.32,-0.7871497152
40.34,-0.6262033586
40.36,-0.7018847689
40.38,-0.5766169358
40.40,-0.5429472513
40.42,-0.7495155964
40.44,-0.5751848165
40.46,-0.4621523622
40.48,-0.6742097162
40.50,-0.5857200071
40.52,-0.3975880972
40.54,-0.4871192965
40.56,-0.5127960246
40.58,-0.3397581158
40.60,-0.3194263574
40.62,-0.4697635638
40.64,-0.3466198305
40.66,-0.0567849214
40.68,-0.0114722687
40.70,-0.0887313737
40.72,-0.0485747891
40.74,-0.0420242193
40.76,0.1942340873
40.78,0.3169379313
40.80,0.3031015594
40.82,0.4999583964
40.84,0.5106585005
40.86,0.5479717674
40.88,0.4730145174
40.90,0.8257966507
40.92,0.8899828171
40.94,0.9985548601
40.96,1.0757204692
40.98,1.1167361044
41.00,1.2248555443
41.02,1.2952510903
41.04,1.2146066751
41.06,1.6860201980
41.08,1.5583157306
41.10,1.5111094385
41.12,1.7944199034
41.14,1.8152911282
41.16,1.7396885100
41.18,1.8508000168
41.20,1.9710260815
41.22,1.6891412725
41.24,1.9112575864
41.26,1.9464831174
41.28,1.9378672102
41.30,2.1205198304
41.32,1.9375916129
41.34,1.8617375056
41.36,1.9059795990
41.38,2.2820936197
41.40,1.9992747041
41.42,1.8024561099
41.44,2.0801082281
41.46,1.9461623386
41.48,2.2211380618
41.50,1.8895371522
41.52,2.0327475551
41.54,2.2163590995
41.56,2.0092037768
41.58,2.0646873749
41.60,1.9372686955
41.62,1.7625239497
41.64,1.9591252827
41.66,1.9324674803
41.68,2.0077570364
41.70,2.0085004456
41.72,1.9161880115
41.74,1.9425983246
41.76,2.0058765221
41.78,1.9708260821
41.80,1.9099915111
41.82,2.0088480430
41.84,1.9998360537
41.86,2.1513943690
41.88,1.8906625689
41.90,1.8027839159
41.92,2.0934063447
41.94,2.0608202352
41.96,1.9972623531
41.98,2.0355318811
42.00,1.9812289720
42.02,2.0010626432
42.04,2.1181708187
42.06,1.9459299379
42.08,1.9274110615
42.10,1.8397147932
42.12,1.9576414743
42.14,1.8581185709
42.16,1.7658681368
42.18,1.9897671076
42.20,2.0262044317
42.22,1.9164008089
42.24,1.7827872608
42.26,1.8408951631
42.28,1.8502082100
42.30,1.7881702776
42.32,1.8538949186
42.34,1.9728969483
42.36,1.9315524767
42.38,1.9298233723
42.40,1.7909212872
42.42,1.8723336772
42.44,1.7416590266
42.46,1.9575244650
42.48,1.6505577419
42.50,1.7899216768
42.52,1.6440797849
42.54,1.6870321230
42.56,1.7504316366
42.58,1.7447320831
42.60,1.5108356544
42.62,1.7572875221
42.64,1.5703339586
42.66,1.7032616279
42.68,1.9493763170
42.70,1.6417609618
42.72,1.7935109956
42.74,1.6842294073
42.76,1.6689594307
42.78,1.7019176793
42.80,1.5267400073
42.82,1.6719821410
42.84,1.7420363112
42.86,1.9012979018
42.88,1.7877267096
42.90,1.4705027378
42.92,1.5205593941
42.94,1.6357931336
42.96,1.6075627987
42.98,1.5161305117
43.00,1.6192738590
43.02,1.7489510291
43.04,1.6700996915
43.06,1.5664825939
43.08,1.7120050746
43.10,1.7414872399
43.12,1.6508494099
43.14,1.7861745123
43.16,1.5517246219
43.18,1.4904121378
43.20,1.4519126002
43.22,1.5831345677
43.24,1.4268876469
43.26,1.6629513116
43.28,1.4821823566
43.30,1.6869738016
43.32,1.6475984672
43.34,1.4857205441
43.36,1.5103274681
43.38,1.3700433123
43.40,1.4311157131
43.42,1.4465844864
43.44,1.2021760369
43.46,1.5537283681
43.48,1.4840145446
43.50,1.4205807265
43.52,1.3358466492
43.54,1.3813887470
43.56,1.4818979107
43.58,1.2939827450
43.60,1.2980598435
43.62,1.5210289957
43.64,1.4772162209
43.66,1.3930364001
43.68,1.5004336940
43.70,1.4587096798
43.72,1.2534980347
43.74,1.2378356342
43.76,1.3376652090
43.78,1.3357362490
43.80,1.2559498784
43.82,1.2864886081
43.84,1.1472506596
43.86,1.3088634828
43.88,1.1156205375
43.90,1.3656755050
43.92,1.1872494710
43.94,1.1594695262
43.96,1.2328897673
43.98,1.2834435969
44.00,1.2983094148
44.02,1.2446800972
44.04,1.0568154264
44.06,1.1853102003
44.08,1.3265240010
44.10,1.0137923050
44.12,1.1705391089
44.14,1.0443169750
44.16,1.1136280001
44.18,1.0136099596
44.20,1.1428245914
44.22,1.0058129588
44.24,0.8204267496
44.26,1.1518590867
44.28,1.2559618487
44.30,0.8473537339
44.32,0.8880898926
44.34,0.7370599632
44.36,0.8219267643
44.38,0.7894902179
44.40,1.1047183071
44.42,0.6875749263
44.44,0.9640079358
44.46,0.8053389597
44.48,0.7679430956
44.50,0.7811462394
44.52,1.0009103440
44.54,0.7768882827
44.56,0.6258209093
44.58,0.6986834540
44.60,0.5130983446
44.62,0.6009293923
44.64,0.6301938527
44.66,0.6745882129
44.68,0.6298701275
44.70,0.5898546392
44.72,0.4037339874
44.74,0.3160147773
44.76,0.4247652074
44.78,0.4072310444
44.80,0.3705265000
44.82,0.3233512052
44.84,0.2520139008
44.86,0.2684624802
44.88,0.1876875562
44.90,0.0105043750
44.92,0.0389304635
44.94,-0.0062538545
44.96,-0.1833500047
44.98,-0.1211750889
45.00,-0.1541222908
45.02,-0.3611754760
45.04,-0.4052710983
45.06,-0.4615012086
45.08,-0.5089006902
45.10,-0.5922099565
45.12,-0.6695020348
45.14,-0.7532405794
45.16,-0.9031430352
45.18,-0.8849045401
45.20,-1.1132412898
45.22,-1.2821191386
45.24,-1.2684327787
45.26,-1.3634106949
45.28,-1.3297526723
45.30,-1.4450819722
45.32,-1.6044030309
45.34,-1.7185377129
45.36,-1.8553132530
45.38,-1.6113566974
45.40,-1.6640318392
45.42,-1.7795014367
45.44,-1.7237852860
45.46,-1.8848749886
45.48,-1.8964362135
45.50,-1.9362915889
45.52,-1.9386803091
45.54,-2.0512972846
45.56,-1.8836899840
45.58,-2.0402644967
45.60,-1.9401542994
45.62,-2.0647957395
45.64,-2.0262709790
45.66,-1.9475262357
45.68,-2.0542927731
45.70,-2.1078160679
45.72,-1.8976646460
45.74,-1.9274401750
45.76,-2.1563888144
45.78,-2.1068715916
45.80,-2.1968251305
45.82,-2.0774326549
45.84,-1.9679160588
45.86,-1.7647759993
45.88,-2.0672727907
45.90,-2.0364122180
45.92,-2.2370842470
45.94,-1.9031810360
45.96,-1.9399953911
45.98,-1.7779332066
46.00,-2.1613865886
46.02,-1.8017603361
46.04,-2.0190020031
46.06,-1.9869726515
46.08,-2.0204891191
46.10,-1.8980759096
46.12,-1.9580494483
46.14,-1.7734435558
46.16,-2.0474576151
46.18,-1.9992436035
46.20,-2.0776680398
46.22,-1.9378835157
46.24,-1.9523237617
46.26,-1.8630772549
46.28,-1.8495749798
46.30,-1.9372739044
46.32,-2.0229053251
46.34,-1.8873388989
46.36,-1.8083449167
46.38,-1.9519806169
46.40,-1.9479665268
46.42,-1.8818876439
46.44,-1.7348747144
46.46,-1.8258671979
46.48,-1.8307979088
46.50,-1.8419928123
46.52,-1.9830751098
46.54,-1.8726501796
46.56,-1.6875363048
46.58,-2.0538493863
46.60,-1.8407473435
46.62,-1.8018968007
46.64,-1.7784258872
46.66,-1.8414837120
46.68,-1.7371569422
46.70,-1.9887272067
46.72,-1.8579985173
46.74,-1.6185115541
46.76,-1.6907254111
46.78,-1.6992524112
46.80,-1.5184733605
46.82,-1.6973428945
46.84,-1.8868250112
46.86,-1.7532223144
46.88,-1.8504487234
46.90,-1.6754537744
46.92,-1.6751466402
46.94,-1.5880023383
46.96,-1.7947557541
46.98,-1.5564931361
47.00,-1.6024104647
47.02,-1.7357199180
47.04,-1.8729187341
47.06,-1.6355722287
47.08,-1.7159674381
47.10,-1.6981246134
47.12,-1.4697224302
47.14,-1.7865351896
47.16,-1.7132564159
47.18,-1.6111572028
47.20,-1.6676990252
47.22,-1.7061935218
47.24,-1.5330526766
47.26,-1.5453190585
47.28,-1.5967568138
47.30,-1.5044577675
47.32,-1.7481718723
47.34,-1.4618959924
47.36,-1.7414293082
47.38,-1.5040850240
47.40,-1.6259957764
47.42,-1.5454154174
47.44,-1.3989137833
47.46,-1.5855710146
47.48,-1.5663179671
47.50,-1.5173732132
47.52,-1.4523257775
47.54,-1.6513279133
47.56,-1.4646958993
47.58,-1.5086601939
47.60,-1.5884845158
47.62,-1.6458543072
47.64,-1.5452768174
47.66,-1.4117256236
47.68,-1.4506569214
47.70,-1.3837443131
47.72,-1.6101580426
47.74,-1.4285321889
47.76,-1.3782984551
47.78,-1.3670454007
47.80,-1.2748880993
47.82,-1.5054645876
47.84,-1.3462521053
47.86,-1.4799089307
47.88,-1.3278196903
47.90,-1.5153739936
47.92,-1.3759075064
47.94,-1.3605357666
47.96,-1.3490783496
47.98,-1.3653437090
48.00,-1.3995807198
48.02,-1.4294147628
48.04,-1.2771717985
48.06,-1.3754929373
48.08,-1.2915693776
48.10,-1.1071270542
48.12,-1.2643057365
48.14,-1.2957517238
48.16,-1.0746469025
48.18,-1.1918472745
48.20,-1.3489950544
48.22,-1.1825794903
48.24,-1.1659024890
48.26,-1.0001456188
48.28,-1.2816602246
48.30,-1.0020316420
48.32,-1.0223712410
48.34,-1.0522239354
48.36,-1.0468634035
48.38,-1.0589622722
48.40,-1.1065539025
48.42,-1.1446718571
48.44,-1.1849408532
48.46,-1.1359588375
48.48,-1.0720851573
48.50,-0.9742256034
48.52,-0.9615811622
48.54,-1.0924240521
48.56,-0.9522035947
48.58,-0.9319089648
48.60,-1.0021042235
48.62,-0.8266725835
48.64,-0.8034554101
48.66,-0.8347251385
48.68,-0.7695876268
48.70,-0.8559620756
48.72,-0.6943793749
48.74,-0.8568212174
48.76,-0.7610901693
48.78,-0.6715657592
48.80,-0.6472030585
48.82,-0.6612947744
48.84,-0.5647225750
48.86,-0.6347545239
48.88,-0.5989958317
48.90,-0.7066758105
48.92,-0.4781176995
48.94,-0.3197320065
48.96,-0.5253071538
48.98,-0.4178959615
49.00,-0.5579963942
49.02,-0.2936524367
49.04,-0.2897675509
49.06,-0.2844176400
49.08,-0.2013757209
49.10,-0.2378451691
49.12,-0.1431409675
49.14,-0.0223447793
49.16,-0.0744854472
49.18,0.0050946482
49.20,0.0523998297
49.22,0.0201884447
49.24,0.0870401087
49.26,0.3734167654
49.28,0.3234034067
49.30,0.4961064104
49.32,0.7688814565
49.34,0.6535209370
49.36,0.6985249809
49.38,0.7951926679
49.40,0.7612167576
49.42,0.8328830118
49.44,1.0473393839
49.46,1.0107588010
49.48,1.1590564017
49.50,1.2106578248
49.52,1.4569312120
49.54,1.5885122596
49.56,1.5989304161
49.58,1.7708785215
49.60,1.7395288410
49.62,1.7395336128
49.64,1.6757930465
49.66,1.7044767885
49.68,1.8039811854
49.70,1.9835866073
49.72,1.9822041055
49.74,1.9084758469
49.76,1.9984376644
49.78,1.8978001000
49.80,2.0238389050
49.82,2.0816563096
49.84,2.0680292935
49.86,2.1092589031
49.88,2.1278569276
49.90,2.0813826790
49.92,2.0844022929
49.94,1.9278887569
49.96,2.0981814720
49.98,1.9371383496
50.00,1.8992603549
50.02,2.0114110012
50.04,2.2845767149
50.06,2.1276010936
50.08,1.9680709299
50.10,2.0235907836
50.12,2.1722975529
50.14,2.0264857909
50.16,1.9808000571
50.18,1.7987329137
50.20,2.0055702171
50.22,1.9487161257
50.24,2.0151275224
50.26,1.8616635472
50.28,1.9253618148
50.30,2.0141423681
50.32,1.9159625071
50.34,1.9895359801
50.36,1.9795481641
50.38,1.9546823930
50.40,2.0642759506
50.42,1.9862131432
50.44,2.0595877325
50.46,1.9380184114
50.48,1.9579987117
50.50,1.9342489903
50.52,1.8589251304
50.54,1.7246778180
50.56,1.9745992312
50.58,1.6234436292
50.60,1.7446510961
50.62,1.8716394651
50.64,1.7293486047
50.66,1.8022607176
50.68,1.9157409909
50.70,1.9890643760
50.72,1.8060366523
50.74,1.9177013279
50.76,1.8633439791
50.78,1.5005352667
50.80,1.6353516027
50.82,1.9608331693
50.84,1.8173998064
50.86,1.8993621591
50.88,1.8212067262
50.90,1.7411351667
50.92,1.7869537637
50.94,1.7069869914
50.96,1.8014315191
50.98,1.7180596842
51.00,1.8979144238
51.02,1.7821359276
51.04,1.7669563590
51.06,1.7495809579
51.08,1.8099011045
51.10,1.8931844257
51.12,1.8612097836
51.14,1.6461698042
51.16,1.6628933211
51.18,1.5068238978
51.20,1.8325452590
51.22,1.8160324991
51.24,1.9691921212
51.26,1.5057346693
51.28,1.5896050008
51.30,1.7247733600
51.32,1.7047777778
51.34,1.7494928908
51.36,1.7586453706
51.38,1.5593521978
51.40,1.9012883670
51.42,1.5006047694
51.44,1.6794786947
51.46,1.6228828383
51.48,1.6277617500
51.50,1.7296074495
51.52,1.7960203614
51.54,1.6402721271
51.56,1.5032537801
51.58,1.5780054881
51.60,1.6381157779
51.62,1.6526629030
51.64,1.6452299984
51.66,1.5946727583
51.68,1.7460274405
51.70,1.4586439920
51.72,1.7023977865
51.74,1.5721707292
51.76,1.6043949280
51.78,1.6551920966
51.80,1.5058003769
51.82,1.4347922909
51.84,1.4080927683
51.86,1.5008186954
51.88,1.4431338394
51.90,1.5144358172
51.92,1.3875384995
51.94,1.4333737211
51.96,1.4637400192
51.98,1.4766434703
52.00,1.5617308416
52.02,1.4029247476
52.04,1.5554376838
52.06,1.2184355676
52.08,1.4065279539
52.10,1.5249444350
52.12,1.2533934284
52.14,1.3382527736
52.16,1.3256388720
52.18,1.3964156079
52.20,1.4779569487
52.22,1.2900716787
52.24,1.2103647955
52.26,1.3248926859
52.28,1.4009013631
52.30,1.3433608564
52.32,1.4049792799
52.34,1.3463493746
52.36,1.3159120799
52.38,1.4450319971
52.40,1.0458627307
52.42,1.1806971733
52.44,1.2482397401
52.46,1.1198913828
52.48,1.0199068952
52.50,1.0687617106
52.52,1.2786446316
52.54,1.1913376624
52.56,1.1540017066
52.58,1.3046796945
52.60,1.2056156831
52.62,1.0947165778
52.64,1.0568626495
52.66,0.9567953994
52.68,1.0782700985
52.70,0.9381395136
52.72,1.0583446423
52.74,1.0020027520
52.76,0.8598237590
52.78,1.0647997238
52.80,1.0350403310
52.82,0.9635133310
52.84,0.9053553900
52.86,0.8923744721
52.88,0.8186424176
52.90,1.0026040323
52.92,0.8449455424
52.94,1.0037444768
52.96,0.9983048291
52.98,0.8477691063
53.00,0.6887329137
53.02,0.8249350700
53.04,0.7036250154
53.06,0.6751714317
53.08,0.8000465404
53.10,0.5785550056
53.12,0.8094827528
53.14,0.5215045673
53.16,0.6483911355
53.18,0.3646430415
53.20,0.5958498340
53.22,0.4321349547
53.24,0.3626746894
53.26,0.2726340300
53.28,0.1703754243
53.30,0.3213864661
53.32,0.1827941872
53.34,0.2039522749
53.36,0.1613068705
53.38,0.0019925462
53.40,-0.0873831606
53.42,0.0875646407
53.44,0.0991722811
53.46,-0.2809560701
53.48,-0.2080346280
53.50,-0.2469433333
53.52,-0.4100648703
53.54,-0.4783159336
53.56,-0.3960651954
53.58,-0.7593032802
53.60,-0.6519478683
53.62,-0.9229512566
53.64,-0.9215313680
53.66,-1.1520047339
53.68,-1.0440994259
53.70,-1.0852146230
53.72,-1.3600232874
53.74,-1.3355061340
53.76,-1.4309186770
53.78,-1.4306409914
53.80,-1.4890119813
53.82,-1.7069003284
53.84,-1.8134106322
53.86,-1.7884055687
53.88,-1.7348286444
53.90,-1.9510537316
53.92,-1.8200306981
53.94,-1.8903743409
53.96,-1.9442100908
53.98,-1.9518545926
54.00,-1.9064373523
54.02,-1.8839990688
54.04,-2.0892775403
54.06,-1.8930720014
54.08,-2.0230501276
54.10,-1.9606550939
54.12,-1.9640395626
54.14,-2.1676077006
54.16,-1.9446684558
54.18,-1.8992980108
54.20,-2.0585242435
54.22,-1.9008289741
54.24,-1.9233504846
54.26,-2.0065938006
54.28,-2.0162473350
54.30,-2.0870142787
54.32,-2.0596052958
54.34,-2.0816855195
54.36,-1.9338544921
54.38,-2.0685657841
54.40,-1.9850634140
54.42,-1.9199806575
54.44,-2.0441403464
54.46,-1.9800241992
54.48,-1.9397474613
54.50,-2.1622736257
54.52,-2.0633435238
54.54,-1.8922687770
54.56,-1.9797915643
54.58,-1.7861719152
54.60,-1.9532494741
54.62,-1.9458218785
54.64,-2.0694215302
54.66,-1.8374919576
54.68,-2.0592912551
54.70,-1.8622057271
54.72,-1.7776120771
54.74,-1.9767720463
54.76,-2.0275878537
54.78,-1.9691747119
54.80,-1.8181611972
54.82,-1.8189038576
54.84,-2.0548990203
54.86,-1.9867220418
54.88,-2.0845037567
54.90,-1.8748432596
54.92,-1.7870892590
54.94,-1.8356739403
54.96,-1.9586579259
54.98,-1.9259884708
55.00,-1.8164165453
55.02,-1.9065061861
55.04,-1.9818912155
55.06,-1.8678548392
55.08,-1.8899038406
55.10,-1.6350605325
55.12,-1.9784734825
55.14,-1.9610457459
55.16,-1.7443640618
55.18,-1.7950420086
55.20,-1.8889242404
55.22,-1.8186849462
55.24,-1.8722091550
55.26,-1.8142721025
55.28,-1.5993129578
55.30,-1.7926616526
55.32,-1.5111526705
55.34,-1.7721238268
55.36,-1.5955487766
55.38,-1.6658947733
55.40,-1.6966487199
55.42,-1.7609138145
55.44,-1.7637310371
55.46,-1.5724768277
55.48,-1.6837264039
55.50,-1.7778738580
55.52,-1.8097720658
55.54,-1.6512391803
55.56,-1.5798535383
55.58,-1.9880861034
55.60,-1.6961924761
55.62,-1.6775940237
55.64,-1.7537734633
55.66,-1.7206563543
55.68,-1.4430736039
55.70,-1.6111068863
55.72,-1.5961072173
55.74,-1.6517989566
55.76,-1.5425116164
55.78,-1.5992521910
55.80,-1.5343227102
55.82,-1.6948700285
55.84,-1.6284728818
55.86,-1.5466660375
55.88,-1.7537104855
55.90,-1.3900393299
55.92,-1.5803464384
55.94,-1.3800726435
55.96,-1.4977223128
55.98,-1.6286224578
56.00,-1.6419238683
56.02,-1.5020327288
56.04,-1.6237205389
56.06,-1.4160426780
56.08,-1.2662821394
56.10,-1.4473468704
56.12,-1.3998521386
56.14,-1.3508841920
56.16,-1.3714060320
56.18,-1.4465259074
56.20,-1.3834945204
56.22,-1.5112827496
56.24,-1.3253350413
56.26,-1.3978413724
56.28,-1.2125271333
56.30,-1.2817974527
56.32,-1.3447062009
56.34,-1.4836524000
56.36,-1.2499041476
56.38,-1.5215812880
56.40,-1.4440608378
56.42,-1.2663458285
56.44,-1.3436374036
56.46,-1.2843476340
56.48,-1.4446405141
56.50,-1.1973412151
56.52,-1.3792520070
56.54,-1.2887201649
56.56,-1.0535522776
56.58,-1.1771086125
56.60,-1.2109099418
56.62,-1.0458197377
56.64,-1.2956644245
56.66,-1.0997024474
56.68,-1.1539741996
56.70,-1.0675754519
56.72,-1.2226187887
56.74,-1.1367016771
56.76,-1.0899597726
56.78,-1.0892359309
56.80,-1.2349652950
56.82,-1.2127663361
56.84,-0.9549784010
56.86,-1.1401348106
56.88,-1.0118475829
56.90,-0.9291018052
56.92,-0.9392345429
56.94,-1.3109072081
56.96,-0.9973923428
56.98,-0.8899219312
57.00,-0.9122919012
57.02,-1.0201834633
57.04,-0.9630529645
57.06,-1.0210136057
57.08,-0.9520944061
57.10,-0.8582306717
57.12,-0.9524414008
57.14,-0.9423438364
57.16,-0.8662614509
57.18,-0.8360287191
57.20,-1.1006887542
57.22,-0.8594264719
57.24,-0.8119979218
57.26,-0.9099907738
57.28,-0.6472063432
57.30,-0.6315188347
57.32,-0.4636331005
57.34,-0.4299528618
57.36,-0.7498764425
57.38,-0.7376450456
57.40,-0.5905770402
57.42,-0.6645481718
57.44,-0.3556687816
57.46,-0.4833805208
57.48,-0.3665227433
57.50,-0.2714500016
57.52,-0.2719524757
57.54,-0.4125244323
57.56,-0.3682313507
57.58,-0.2641842278
57.60,-0.1891033926
57.62,-0.1315833362
57.64,-0.1140532428
57.66,0.1587853482
57.68,0.1454261154
57.70,0.1059267261
57.72,0.2737583443
57.74,0.4296151552
57.76,0.4385816883
57.78,0.3970344180
57.80,0.5923770284
57.82,0.5796438921
57.84,0.6631074200
57.86,0.7353815602
57.88,1.0383738832
57.90,1.1577919569
57.92,1.1332703176
57.94,1.3176704129
57.96,1.2738494754
57.98,1.3415233413
58.00,1.3572307900
58.02,1.6016114423
58.04,1.7626374345
58.06,1.6259837818
58.08,1.8416008437
58.10,1.9359024878
58.12,1.8540130471
58.14,1.8561749681
58.16,1.8184582794
58.18,1.6278568771
58.20,1.8877833409
58.22,1.9691042477
58.24,1.9710406117
58.26,2.1374347640
58.28,1.8684558364
58.30,1.9579828618
58.32,2.0848200256
58.34,1.9727099885
58.36,2.1856166530
58.38,2.0252816724
58.40,1.8282696636
58.42,1.9507992905
58.44,2.1488979905
58.46,1.9956530335
58.48,1.9390811125
58.50,2.0878095672
58.52,2.1271082721
58.54,1.8779822380
58.56,2.1607231891
58.58,1.9882968165
58.60,1.9976855827
58.62,1.9094668767
58.64,1.9428061112
58.66,1.9147571424
58.68,2.0896553190
58.70,1.9155614866
58.72,1.8849169916
58.74,1.8651293179
58.76,2.0590307782
58.78,2.0364714119
58.80,1.9541263270
58.82,1.9696218128
58.84,1.9943658441
58.86,1.8918032819
58.88,1.9008056977
58.90,1.8540732991
58.92,2.0558497152
58.94,2.1113400926
58.96,1.7738401645
58.98,1.7885884853
59.00,1.8529645800
59.02,1.8157417844
59.04,1.8728416116
59.06,1.8661807563
59.08,1.8417283264
59.10,1.9723660331
59.12,1.7405605160
59.14,1.8578557979
59.16,1.7277841836
59.18,1.9930331741
59.20,1.7994381510
59.22,1.9360161516
59.24,1.9281904738
59.26,1.7589157512
59.28,1.8945954883
59.30,1.8583579127
59.32,1.7804714868
59.34,1.8756425629
59.36,1.7542138081
59.38,1.8140391176
59.40,1.7518729299
59.42,1.7883701216
59.44,1.6845522114
59.46,1.7805033677
59.48,1.6761311415
59.50,1.9658427541
59.52,2.0065575485
59.54,1.6451254355
59.56,1.6997747660
59.58,1.9097336769
59.60,1.6990661454
59.62,1.7615115423
59.64,1.5213330712
59.66,1.6959128858
59.68,1.6168061750
59.70,1.7554429963
59.72,1.7847555000
59.74,1.7468003220
59.76,1.6999329742
59.78,1.7911630252
59.80,1.7173433027
59.82,1.7132811803
59.84,1.4892153229
59.86,1.7720564754
59.88,1.5922647776
59.90,1.7258996064
59.92,1.6386421362
59.94,1.5076215008
59.96,1.7075390156
59.98,1.4105356217
60.00,1.5002497361
